Module Information,Section 1,Section 2,Section 3,Section 4,Section 5,Section 6,Section 7,Section 8,Section 9,Section 10,
Introduction to Geophysical Fluid Dynamics,Introduction to Fluid Dynamics,Governing Equations,Balanced Dynamics,Quasigeostrophic Theory,Ekman Layers,Rossby Waves,Linear Instabilities,Ageostrophic Motions,Material Transport Phenomena,Non-linear Dynamics and Wave-Mean Flow Interactions,
MATH60003,Pathline// Trajectory,Continuity equation 0,Shallow-water model,Two-layer shallow-water model,Ekman surface boundary layer,Wave vector,Barotropic instability,Linearised shallow-water model,Stokes drift velocity,Closure problem,
3,Streamline,Incompressibility,Shallow-water continuity equation,Stress tensor continuity boundary condition,Ekman balance,Dispersion relation,Necessary condition for instability,Free-surface evolution equation// Klein-Gordon equation,Passive tracer,Reynolds Decomposition,
2,Streamfunction,Material derivative,Relative vorticity,Kinematic boundary condition,Ekman number,Phase speed,Baroclinic instability,Free-surface boundary condition,Homogeneous turbulent diffusion,Reynolds stress tensor,
10,Streakline ,Tendency term,Cyclonic motion,Rigid-lid approximation,Ekman pumping,Fundamental phase speed,Linearised conservation of density,Poincare wave// Gravity-inertial wave// Inertial-gravity wave,Scale separation,Eddy flux,
,Timeline// Material line,Advection term,Anti-cyclonic motion,Reduced gravity,Keywords (Prerequisite),Fundamental phase velocity,Eady model,Inertial oscillations,Parameterisation// closure,Flux-gradient assumption// Eddy diffusion// Eddy viscosity,
,Lagrangian framework,Material tracer equation,Vorticity equation,Internal deformation scales,Viscosity,Group velocity,Phillips model,Isotropy 0,Single particle dispersion,Reynolds number,
,Eulerian framework,Momentum equation,Potential vorticity 0,Absolute potential vorticity// Potential vorticity 1,Time average// Time mean,Wave propagation direction,Mechanism of baroclinic instability,Kelvin waves,Lagrangian velocity autocorrelation function ,Triad interactions in turbulence,
,Keywords (Prerequisite),Pressure,Rossby number,Planetary vorticity,Asymptotic matching,1.5 layer model// Equivalent barotropic model,Available potential energy,Geostrophic adjustment,Ensemble averaging,Wave vector evolution equation,
,Curl,Body force,Geostrophic motions,Continuous stratification,Skills (Taught),General form of a wave,Eddy kinetic energy,Equatorial waves,Leibniz integral rule,Cascade,
,Skills (Taught),Equation of state,Ageostrophic motions,Lateral solid boundary condition,Skills (Prerequisite),Energy equation// Mechanical energy equation,Positive baroclinicity,Mixed Rossby-gravity wave// Yanai wave,Lagrangian decorrelation time,Redistribution of spectral energy density,
,Skills (Prerequisite),Thermodynamic equation,Geostrophic balance,No-normal-flow condition,Solving second order linear ODEs,Energy density 0,Thermal wind,Equatorial Kelvin wave,Eddy diffusivity,Forward energy cascade,
,,Spherical coordinates,External deformation length scale,No-slip condition,,Energy flux 0,Keywords (Prerequisite),Keywords (Prerequisite),Keywords (Prerequisite),Kolmogorov law// Minus-five-thirds law,
,,Local cartesian approximation,Froude number,Free-slip condition,,Two-layer model,Potential energy,Sign function,Diffusion equation,Kolmogorov length scale// Dissipative length scale,
,,Eotvos effect,Nearly flat isopycnals,Partial-slip condition,,Barotropic mode,Skills (Taught),D'Alembert solution,Skills (Taught),"Homogeneous, stationary, non-rotating 3D turbulence",
,,Coriolis parameter,Absolute vorticity equation// Geostrophic vorticity equation,Ageostrophic circulation,,First baroclinic mode,Finding the necessary condition for instability,Skills (Taught),Skills (Prerequisite),2D homogeneous turbulence,
,,f-plane approximation,Absolute vorticity,Planetary-geostrophic equations,,First baroclinic Rossby radius,Skills (Prerequisite),Taking the curl of an equation,Kinematics of a flow field,Enstrophy,
,,beta-plane approximation,Form drag,Keywords (Prerequisite),,Continuously stratified Rossby waves,Solving second order linear ODEs,Taking the divergence of an equation,Separation of variables,Conservation of enstrophy,
,,Stratification,Keywords (Prerequisite),Laplacian,,Keywords (Prerequisite),Wave solutions to PDEs,Skills (Prerequisite),Multivariable Taylor Expansion,Inverse energy cascade,
,,Boussinesq approximation,Irrotational flow,Order,,Wavenumber,,Wave solutions to PDEs,Homogeneity,Transformed Eulerian mean,
,,Anelastic approximation,Vorticity,Stress tensor,,Amplitude,,Solving second order linear ODEs,Stationary process,Eliassen-Palm flux,
,,Hydrostatic approximation,Material conservation,Skills (Taught),,Frequency,,Solutions to the wave equation,Coarse-graining,Non-acceleration theorem,
,,Buoyancy frequency,Small o notation,Taking the curl of an equation,,Phase,,,Scaling arguments,Keywords (Prerequisite),
,,Rotation dominated flows,Diagnostic equation,Skills (Prerequisite),,Phase line,,,,Spatio-temporal filtering,
,,Static field,Prognostic equation,Asymptotic expansion,,Jacobian operator,,,,Fourier series,
,,Dynamic anomaly,Asymptotic equivalence,,,Angled-bracket 0 ,,,,Fourier mode,
,,Keywords (Prerequisite),Much less than ,,,Doppler shift 0,,,,Orthogonality 0,
,,Chain rule,Big o notation,,,Wave mode// Mode,,,,Spectral coefficients,
,,Coriolis force,Averaging over a period,,,Eigenvalue problem,,,,Hermitian,
,,Pseudo-force,Overbar,,,Skills (Taught),,,,Self-similarity,
,,Frame of reference,Divergence theorem,,,Decoupling equations,,,,Spectral density,
,,Conservation of mass,Skills (Taught),,,Skills (Prerequisite),,,,Spectral interval,
,,Conservation of angular momentum,Taking the curl of an equation,,,Linearising equations,,,,Divergence theorem,
,,Inertial frame of reference,Skills (Prerequisite),,,Wave solutions to PDEs,,,,Newtonian fluid,
,,Constitutive equation,Asymptotic expansion,,,Linearising equations around a background flow,,,,Skills (Taught),
,,Laws of thermodynamics,Scaling arguments,,,,,,,Skills (Prerequisite),
,,Archimedes' buoyancy principle,Identifying characteristic scales,,,,,,,Coarse-graining,
,,Adiabatic process,,,,,,,,Scaling arguments,
,,Skills (Taught),,,,,,,,,
,,Skills (Prerequisite),,,,,,,,,
,,Identifying and neglecting small terms,,,,,,,,,
,,,,,,,,,,,
,,,,,,,,,,,
,,,,,,,,,,,
,,,,,,,,,,,
,,,,,,,,,,,
,,,,,,,,,,,
,,,,,,,,,,,
,,,,,,,,,,,
,,,,,,,,,,,
,,,,,,,,,,,
,,,,,,,,,,,
,,,,,,,,,,,
,,,,,,,,,,,
,,,,,,,,,,,
,,,,,,,,,,,
,,,,,,,,,,,
,,,,,,,,,,,
,,,,,,,,,,,
,,,,,,,,,,,
,,,,,,,,,,,
,,,,,,,,,,,
,,,,,,,,,,,
,,,,,,,,,,,
,,,,,,,,,,,
,,,,,,,,,,,
,,,,,,,,,,,
,,,,,,,,,,,
,,,,,,,,,,,
,,,,,,,,,,,
,,,,,,,,,,,
,,,,,,,,,,,
,,,,,,,,,,,
,,,,,,,,,,,
,,,,,,,,,,,
,,,,,,,,,,,
,,,,,,,,,,,
,,,,,,,,,,,
,,,,,,,,,,,
,,,,,,,,,,,
,,,,,,,,,,,
,,,,,,,,,,,
,,,,,,,,,,,
,,,,,,,,,,,
,,,,,,,,,,,
,,,,,,,,,,,
,,,,,,,,,,,
,,,,,,,,,,,
,,,,,,,,,,,
,,,,,,,,,,,
,,,,,,,,,,,
,,,,,,,,,,,
,,,,,,,,,,,
,,,,,,,,,,,
,,,,,,,,,,,
,,,,,,,,,,,
,,,,,,,,,,,
,,,,,,,,,,,
,,,,,,,,,,,
,,,,,,,,,,,
,,,,,,,,,,,
,,,,,,,,,,,
,,,,,,,,,,,
,,,,,,,,,,,
,,,,,,,,,,,
,,,,,,,,,,,
,,,,,,,,,,,
,,,,,,,,,,,
,,,,,,,,,,,
,,,,,,,,,,,
,,,,,,,,,,,
,,,,,,,,,,,
,,,,,,,,,,,
,,,,,,,,,,,
,,,,,,,,,,,
,,,,,,,,,,,
,,,,,,,,,,,
,,,,,,,,,,,
,,,,,,,,,,,
,,,,,,,,,,,
,,,,,,,,,,,
,,,,,,,,,,,